<modification>
	<name>SEO Mega KIT - Store Settings</name>
	<version>2.0.0.0</version>
	<author>info@ocdemo.eu</author>
	<link>mailto:info@ocdemo.eu</link>
	<code>SEO Mega KIT</code>
	
	<!-- Home -->
	<file path="catalog/controller/common/home.php">
		<operation error="skip">
			<search><![CDATA[$this->document->setKeywords($this->config->get('config_meta_keyword'));]]></search>
			<add position="after"><![CDATA[
				if( NULL != ( $smk_settings = $this->config->get('smp_meta_stores' ) ) ) {
					if( ! empty( $smk_settings[$this->config->get('config_store_id')]['title'][$this->config->get('config_language_id')] ) ) {
						$this->document->setTitle( $smk_settings[$this->config->get('config_store_id')]['title'][$this->config->get('config_language_id')] );
					}
				
					if( ! empty( $smk_settings[$this->config->get('config_store_id')]['description'][$this->config->get('config_language_id')] ) ) {
						$this->document->setDescription( $smk_settings[$this->config->get('config_store_id')]['description'][$this->config->get('config_language_id')] );
					}
				
					if( ! empty( $smk_settings[$this->config->get('config_store_id')]['keywords'][$this->config->get('config_language_id')] ) ) {
						$this->document->setKeywords( $smk_settings[$this->config->get('config_store_id')]['keywords'][$this->config->get('config_language_id')] );
					}
				}
			]]></add>
		</operation>
	</file>

</modification>