<modification>
	<name>SEO Mega KIT - Journal3 FIX</name>
	<version>2.0.0.0</version>
	<author>info@ocdemo.eu</author>
	<link>mailto:info@ocdemo.eu</link>
	<code>SEO Mega KIT - Journal3 FIX</code>
	
	<!-- CATALOG -->
	<file path="catalog/model/journal3/image.php" error="skip">
		<operation info="">
			<search><![CDATA[function resize(]]></search>
			<add position="after"><![CDATA[		$product_id = NULL;
		
		if( strpos( $filename, '::' ) !== false ) {
			$filename = explode( '::', $filename );
			$product_id = $filename[1];
			$filename = $filename[0];
		}]]></add>
		</operation>
		<operation info="">
			<search><![CDATA[return $this->model_tool_image->resize(]]></search>
			<add position="before"><![CDATA[			if($product_id !== NULL) $filename .= '::' . $product_id;]]></add>
		</operation>
	</file>
	
	<file path="catalog/controller/product/smp_image.php">
		<operation>
			<search><![CDATA[private function _size]]></search>
			<add position="before"><![CDATA[
			public function dimensions($filename) {
				if ($filename && is_file(DIR_IMAGE . $filename)) {
					list($width, $height) = getimagesize(DIR_IMAGE . $filename);

					if (!$width || !$height) {
						trigger_error('Image <b>' . DIR_IMAGE . $filename . '</b> is invalid!');
					}
				} else {
					$width = null;
					$height = null;
				}

				return array($width, $height);
			}
			private function isNumeric($value) {
				return is_numeric($value) && $value > 0;
			}
			]]></add>
		</operation>
		<operation>
			<search><![CDATA[if( ! empty( $image ) ) {]]></search>
			<add position="after"><![CDATA[
				$resize_type = '';

				if (defined('JOURNAL3_ACTIVE')) {
					list($width_orig, $height_orig) = $this->dimensions($image['file'] . '.' . $image['ext']);
					$ratio_orig = (float)$width_orig / $height_orig;
					$tmp_dim = explode( 'x', $size );

					if (isset($tmp_dim[0]) && isset($tmp_dim[1]) && $this->isNumeric($tmp_dim[0]) && $this->isNumeric($tmp_dim[1])) {
						$ratio = (float)$tmp_dim[0] / $tmp_dim[1];
						if ($ratio > $ratio_orig) {
							$resize_type = 'h';
						} else if ($ratio < $ratio_orig) {
							$resize_type = 'w';
						}	
					}
				}
			]]></add>
		</operation>
		<operation>
			<search><![CDATA[$image['file'] . '-' . $size]]></search>
			<add position="replace"><![CDATA[$image['file'] . '-' . $size . $resize_type]]></add>
		</operation>
	</file>
	
	<!-- /CATALOG -->
    
</modification>