<modification>

	<name>SEO Mega KIT - Microdata</name>
	<version>2.0.0.0</version>
	<author>info@ocdemo.eu</author>
	<link>mailto:info@ocdemo.eu</link>
	<code>SEO Mega KIT</code>

	<file path="catalog/model/catalog/product.php">
		<operation>
			<search><![CDATA[AS special,]]></search>
			<add position="replace"><![CDATA[AS special, (SELECT ps.date_end FROM " . DB_PREFIX . "product_special ps WHERE ps.product_id = p.product_id AND ps.customer_group_id = '" . (int)$this->config->get('config_customer_group_id') . "' AND ((ps.date_start = '0000-00-00' OR ps.date_start < NOW()) AND ps.date_end != '0000-00-00' AND (ps.date_end = '0000-00-00' OR ps.date_end > NOW())) ORDER BY ps.priority ASC, ps.price ASC LIMIT 1) AS special_price_valid_until, ]]>
			</add>
		</operation>
		<operation>
			<search><![CDATA['special'          => $query->row['special']]]></search>
			<add position="after"><![CDATA[
				'special_price_valid_until'          => $query->row['special_price_valid_until'],
			]]>
			</add>
		</operation>
	</file>
	
	<file path="catalog/controller/product/product.php">
		<operation>
			<search><![CDATA[$this->model_catalog_product->getProduct($product_id);]]></search>
			<add position="after"><![CDATA[
				if( $product_info && $this->config->get( 'smp_at_is_install' ) ) {
					$data['smp_is_product']	= true;
					$data['smp_in_stock']	= $product_info['quantity'] ? true : false;
					$data['smp_reviews']	= (int)$product_info['reviews'];
					$data['smp_currency']	= version_compare( VERSION, '2.2.0.0', '>=' ) ? $this->session->data['currency'] : $this->currency->getCode();
				}
			]]>
			</add>
		</operation>
		<operation>
			<search><![CDATA[$this->document->addLink($this->url->link('product/product', 'product_id=' . $this->request->get['product_id']), 'canonical');]]></search>
			<add position="replace"><![CDATA[$this->document->addLink($this->url->link('product/product', 'product_id=' . $this->request->get['product_id'] . ( $this->config->get( 'smp_c_short_product_urls' ) ? '&path=0' : '' ) ), 'canonical');]]>
			</add>
		</operation>
		
		<operation>
			<search><![CDATA[$data['special'] = $this->currency->format]]></search>
			<add position="after"><![CDATA[
				$data['smp_special'] = preg_replace( '/[^0-9.]/', '', str_replace( ',', '.', $data['special'] ) );
				$data['smp_special_price_valid_until'] = !empty($product_info['special_price_valid_until']) ? $product_info['special_price_valid_until'] : false;
			]]>
			</add>
		</operation>
		<operation>
			<search><![CDATA[$data['special'] = false;]]></search>
			<add position="after"><![CDATA[
				$data['smp_special'] = false;
			]]>
			</add>
		</operation>
		<operation>
			<search><![CDATA[$data['price'] = $this->currency->format]]></search>
			<add position="after"><![CDATA[
				$data['smp_price'] =  preg_replace( '/[^0-9.]/', '', str_replace( ',', '.', $data['price'] ) );
			]]>
			</add>
		</operation>
		<operation>
			<search><![CDATA[$data['price'] = false;]]></search>
			<add position="after"><![CDATA[
				$data['smp_price'] = false;
			]]>
			</add>
		</operation>

		<operation>
			<search><![CDATA[if ($this->config->get('config_review_status')) {]]></search>
			<add position="before"><![CDATA[
				$data['smk_sku'] = $product_info['sku'];
			]]>
			</add>
		</operation>
		
		<operation>
			<search><![CDATA[$rating = (int)$result['rating']]]></search>
			<add position="after"><![CDATA[
				
				$this->load->model('catalog/review');

					$data['smk_reviews'] = array();

					$smk_results = $this->model_catalog_review->getReviewsByProductId($this->request->get['product_id']);

					foreach ($smk_results as $smk_result) {
						$data['smk_reviews'][] = array(
							'author'     => $smk_result['author'],
							'rating'     => (int)$smk_result['rating'],
						);
					}
			]]>
			</add>
		</operation>
	</file>

	<file path="catalog/view/theme/*/template/product/product.twig" error="log">
		<operation error="log">
			<search><![CDATA[{{ content_top }}]]></search>
			<add position="replace"><![CDATA[
			{{ content_top }}

			{% if smp_is_product is not empty %}
				<span itemscope itemtype="http://schema.org/Product">
					<meta itemprop="name" itemprop content="{{ heading_title|escape }}">

					{% if breadcrumbs is not empty %}
						<meta itemprop="url" content="{{ breadcrumbs[breadcrumbs|length-1]['href']|escape }}">
					{% endif %}

					{% if model is not empty %}
						<meta itemprop="model" content="{{ model|escape }}">
					{% endif %}

					{% if manufacturer is not empty %}
						<meta itemprop="manufacturer" content="{{ manufacturer|escape }}">
					{% endif %}


					{% if smk_sku is not empty %}
						<meta itemprop="sku" content="{{ smk_sku|escape }}" />
					{% endif %}
				
					{% if manufacturer is not empty %}
						<span itemprop="brand" itemtype="http://schema.org/Thing" itemscope>
							<meta itemprop="name" content="{{ manufacturer|escape }}" />
						</span>
					{% endif %}
				
					<meta itemprop="description" content="{{ description|escape }}" />
	
					<span itemscope itemprop="offers" itemtype="http://schema.org/Offer">
						<link itemprop="url" href="{{ share }}" />
						<meta itemprop="price" content="{{ smp_special ? smp_special : smp_price }}">
						<meta itemprop="priceCurrency" content="{{smp_currency}}">
						<link itemprop="availability" href="http://schema.org/{{ smp_in_stock ? 'InStock' : 'OutOfStock' }}">
						{% if smp_special_price_valid_until is not empty %}
						<meta itemprop="priceValidUntil" content="{{ smp_special_price_valid_until }}" />
						{% endif %}
					</span>														

					{% if review_status and smp_reviews %}
						<span itemscope itemprop="aggregateRating" itemtype="http://schema.org/AggregateRating">
							<meta itemprop="reviewCount" content="{{smp_reviews}}">
							<meta itemprop="ratingValue" content="{{rating}}">
							<meta itemprop="bestRating" content="5">
							<meta itemprop="worstRating" content="1">
						</span>
					{% endif %}

					{% for smk_review in smk_reviews %}
						<span itemprop="review" itemtype="http://schema.org/Review" itemscope>
						  <span itemprop="itemReviewed" itemscope itemtype="https://schema.org/Product">
							<span itemprop="name" content="{{heading_title}}"></span>
							<link itemprop="image" href="{{ thumb }}" />
						  </span>
						 <span itemprop="author" itemtype="http://schema.org/Person" itemscope>
						   <meta itemprop="name" content="{{smk_review['author']}}" />
						 </span>
						 <span itemprop="reviewRating" itemtype="http://schema.org/Rating" itemscope>
						   <meta itemprop="ratingValue" content="{{smk_review['rating']}}" />
						   <meta itemprop="bestRating" content="5" />
						 </span>
						</span>
					{% endfor %}

					{% if thumb %}
						<meta itemprop="image" content="{{thumb}}">
					{% endif %}

					{% for image in images %}
						<meta itemprop="image" content="{{image['popup']}}">
					{% endfor %}
				</span>
			{% endif %}
			]]>
			</add>
		</operation>
	</file>

	<file path="catalog/view/theme/*/template/*/*.twig" error="log">
		<operation error="skip">
			<search><![CDATA[{{ content_top }}]]></search>
			<add position="replace"><![CDATA[
			{{ content_top }}
			
			{% if breadcrumbs is not empty and breadcrumbs is iterable %}
				<script type="application/ld+json">
					{
						"@context": "http://schema.org",
						"@type": "BreadcrumbList",
						"itemListElement":
							[
								{% set breadcrumb_count = 0 %}
								{% for breadcrumb in breadcrumbs %}
									{% set breadcrumb_text = breadcrumb['text']|striptags %}
									{% if breadcrumb_text is not null and breadcrumb_text != '' %}
										{% set breadcrumb_count = breadcrumb_count+1 %}
									{% endif %}
								{% endfor %}
								{% set breadcrumb_position = 1 %}
								{% for breadcrumb in breadcrumbs %}
									{% set breadcrumb_text = breadcrumb['text']|striptags %}
									{% if breadcrumb_text is not null and breadcrumb_text != '' %}
										{
											"@type": "ListItem",
											"position": {{ breadcrumb_position }},
											"item": {
												"@id": "{{ breadcrumb['href'] }}",
												"name": "{{ breadcrumb_text }}"
											}
										}{% if breadcrumb_position != breadcrumb_count %},{% endif %}
										{% set breadcrumb_position = breadcrumb_position+1 %}
									{% endif %}
								{% endfor %}
							]
					}
				</script>
			{% endif %}
			]]>
			</add>
		</operation>
	</file>

</modification>