<modification>
	<name>SEO Mega KIT - Canonical Category</name>
	<version>2.0.0.0</version>
	<author>info@ocdemo.eu</author>
	<link>mailto:info@ocdemo.eu</link>
	<code>SEO Mega KIT</code>

	<!-- /////////////////////// PRODUCT /////////////////////// -->

	<file path="admin/language/*/catalog/product.php">
		<operation>
			<search><![CDATA[<?php]]></search>
			<add position="after"><![CDATA[
				$_['smp_text_smp_url_category_id'] = 'Select Default URL/Canonical category';
			]]></add>
		</operation>
	</file>
	
	<file path="admin/controller/catalog/product.php">
		<operation>
			<search><![CDATA[catalog/product_form]]></search>
			<add position="before"><![CDATA[
				$data['smp_text_smp_url_category_id'] = $this->language->get( 'smp_text_smp_url_category_id' );
				$data['smp_url_category_id'] = isset( $product_info['smp_url_category_id'] ) ? $product_info['smp_url_category_id'] : NULL;
			]]></add>
		</operation>
	</file>
	
	<file path="admin/model/catalog/product.php">
		<operation>
			<search><![CDATA[product SET model = '" . $this->db->escape($data['model']) . "']]></search>
			<add position="replace"><![CDATA[product SET model = '" . $this->db->escape($data['model']) . "', smp_url_category_id = " . ( empty( $data['smp_url_category_id'] ) ? 'NULL' : "'" . $this->db->escape($data['smp_url_category_id']) . "'" ) . "]]></add>
		</operation>
	</file>
	
	<file path="admin/view/template/catalog/product_form.twig">
		<operation>
			<search><![CDATA[<input type="hidden" name="product_category[]" value="{{ product_category.category_id }}" />]]></search>
			<add position="replace"><![CDATA[<input {{ smp_url_category_id == product_category.category_id ? ' checked="checked"' : '' }} title="{{ smp_text_smp_url_category_id }}" style="float:left; margin: 0 5px 0 0;" type="radio" name="smp_url_category_id" value="{{ product_category.category_id }}" /> <input type="hidden" name="product_category[]" value="{{ product_category.category_id }}" />]]></add>
		</operation>
		<operation>
			<search><![CDATA[<div id="product-category' + item['value'] + '"><i class="fa fa-minus-circle"></i>]]></search>
			<add position="replace"><![CDATA[<div id="product-category' + item['value'] + '"><input type="radio" value="' + item['value'] + '" name="smp_url_category_id" style="float:left; margin: 0 5px 0 0;" title="{{ smp_text_smp_url_category_id }}"> <i class="fa fa-minus-circle"></i>]]></add>
		</operation>
	</file>

</modification>