<modification>
	<name>SEO Mega KIT - SEO Images</name>
	<version>2.0.0.0</version>
	<author>info@ocdemo.eu</author>
	<link>mailto:info@ocdemo.eu</link>
	<code>SEO Mega KIT</code>
	
	<file path="catalog/controller/product/*.php">
		<operation error="skip">
			<search><![CDATA[->resize($product_info['image']]]></search>
			<add position="replace"><![CDATA[->resize($product_info['image'].(isset($product_info['product_id'])?'::'.$product_info['product_id']:'')]]></add>
		</operation>
		<operation error="skip">
			<search><![CDATA[->resize($result['image']]]></search>
			<add position="replace"><![CDATA[->resize($result['image'].(isset($result['product_id'])?'::'.$result['product_id']:'')]]></add>
		</operation>
	</file>
	<file path="catalog/controller/module/*.php">
		<operation error="skip">
			<search><![CDATA[->resize($product_info['image']]]></search>
			<add position="replace"><![CDATA[->resize($product_info['image'].(isset($product_info['product_id'])?'::'.$product_info['product_id']:'')]]></add>
		</operation>
		<operation error="skip">
			<search><![CDATA[->resize($result['image']]]></search>
			<add position="replace"><![CDATA[->resize($result['image'].(isset($result['product_id'])?'::'.$result['product_id']:'')]]></add>
		</operation>
	</file>
	<file path="catalog/controller/extension/module/*.php">
		<operation error="skip">
			<search><![CDATA[->resize($product_info['image']]]></search>
			<add position="replace"><![CDATA[->resize($product_info['image'].(isset($product_info['product_id'])?'::'.$product_info['product_id']:'')]]></add>
		</operation>
		<operation error="skip">
			<search><![CDATA[->resize($result['image']]]></search>
			<add position="replace"><![CDATA[->resize($result['image'].(isset($result['product_id'])?'::'.$result['product_id']:'')]]></add>
		</operation>
	</file>

	<!-- Tool/Image -->
	<file path="catalog/model/tool/image.php">
		<operation>
			<search><![CDATA[function resize(]]></search>
			<add position="after"><![CDATA[
				$product_id = NULL;
				
				if( strpos( $filename, '::' ) !== false ) {
					$filename = explode( '::', $filename );
					$product_id = $filename[1];
					$filename = $filename[0];
				}
			]]></add>
		</operation>
		<operation index="1">
			<search><![CDATA[class ModelToolImage extends Model {]]></search>
			<add position="after"><![CDATA[
				private $_smp_cache = array();
				
				private $_smp_dynamic_cache = array();
				
				private function _smp_gn( $name ) {
					return substr( md5( $name ), 0, 2 );
				}
				
				public function setSeoName( $product_id ) {
					if( ! isset( $this->_smp_dynamic_cache[$product_id] ) ) {
						foreach( $this->getSeoImagesInfo( NULL, NULL, $product_id ) as $item ) {
							$this->_smp_dynamic_cache[$product_id] = $item['slug'];
							break;
						}
					}
				
					return $this;
				}
				
				private function getSeoImagesInfo( $new_image, $extension, $product_id ) {
					if( ( $new_image === NULL || $extension === NULL ) && $product_id === NULL ) {
						return array();
					}
				
					if( NULL == ( $smp_si_params = $this->_seoUrlParams() ) ) {
						return array();
					}
				
					$conditions = array();
				
					if( $product_id !== NULL ) {
						$conditions[] = "p.product_id = " . (int) $product_id;
					}
				
					if( $new_image !== NULL && $extension !== NULL ) {
						$conditions[] = "(
							p.image='" . $this->db->escape( $new_image . '_' . $this->config->get('config_store_id') . '.' . $extension ) . "' OR 
							pi.image='" . $this->db->escape( $new_image . '_' . $this->config->get('config_store_id') . '.' . $extension ) . "' OR
							p.image='" . $this->db->escape( $new_image . '.' . $extension ) . "' OR 
							pi.image='" . $this->db->escape( $new_image . '.' . $extension ) . "'
						)";
					}
				
					$images = $this->db->query("
						SELECT
							p.image AS p_image,
							pi.image AS pi_image,
							p.model,
							p.sku,
							p.upc,
							pd.name AS pd_name,
							(
								SELECT
									name
								FROM
									" . DB_PREFIX . "category_description
								WHERE
									language_id = " . (int) $this->config->get('config_language_id') . " AND
									category_id = (
										SELECT
											category_id
										FROM
											" . DB_PREFIX . "product_to_category
										WHERE
											product_id = p.product_id
										LIMIT
											1
									)
								LIMIT
									1
							) AS c_name,
							(
								SELECT
									name
								FROM
									" . DB_PREFIX . "manufacturer
								WHERE
									manufacturer_id = p.manufacturer_id
							) AS m_name
						FROM
							" . DB_PREFIX . "product p
						LEFT JOIN
							" . DB_PREFIX . "product_image pi
						ON
							p.product_id = pi.product_id
						INNER JOIN
							" . DB_PREFIX . "product_description pd
						ON
							p.product_id = pd.product_id AND pd.language_id = " . (int) $this->config->get('config_language_id') . "
						WHERE
							" . implode( ' AND ', $conditions ) . "
						GROUP BY
							p.product_id
					")->rows;
				
					if( class_exists( 'VQMod' ) ) {
						require_once VQMod::modCheck(modification(realpath( DIR_SYSTEM . '../catalog/controller/common/seo_mega_pack_pro_url.php' )));
					} else {
						require_once modification( realpath( DIR_SYSTEM . '../catalog/controller/common/seo_mega_pack_pro_url.php' ) );
					}
				
					if( is_array( $smp_si_params ) ) {
						$smp_si_params = isset( $smp_si_params[$this->config->get('config_language_id')] ) ? $smp_si_params[$this->config->get('config_language_id')] : '';
					}

					foreach( $images as $key => $item ) {
						$images[$key]['slug'] = ControllerCommonSeoMegaPackProUrl::_clear( str_replace( array(
							'{product_name}',
							'{category}',
							'{model}',
							'{brand}',
							'{sku}',
							'{upc}'
						), array(
							$item['pd_name'],
							$item['c_name'],
							$item['model'],
							$item['m_name'],
							$item['sku'],
							$item['upc']
						), $smp_si_params ), $this->config->get( 'smp_clear_on' ) );
					}
				
					return $images;
				}
				
				private function _seoUrlParams() {
					$smp_si_params = $this->config->get( 'smp_si_params' );
				
					if( is_array( $smp_si_params ) ) {
						$smp_si_params = isset( $smp_si_params[$this->config->get('config_language_id')] ) ? $smp_si_params[$this->config->get('config_language_id')] : '';
					}
				
					return $smp_si_params;
				}

				private function _seoUrlImage( $product_id, $seoUrlImage, $filename, $extension, $width, $height, $isHTTPS = false ) {
					if( $this->config->get( 'smp_si_is_install' ) && NULL != $this->_seoUrlParams() ) {
						$gn = $this->_smp_gn( $product_id . '-' . $filename );
				
						if( ! isset( $this->_smp_cache[$gn] ) ) {
							if( NULL == ( $this->_smp_cache[$gn] = $this->cache->get('smp_seo_image.' . $this->config->get('config_language_id') . '_' . $gn) ) ) {
								$this->_smp_cache[$gn] = array();
								
								foreach( $this->db->query("
									SELECT 
										* 
									FROM 
										" . DB_PREFIX . "smp_image 
									WHERE 
										gn='" . $this->db->escape( $gn ) . "' AND 
										language_id=" . (int) $this->config->get('config_language_id')
									)->rows as $item ) 
								{
									$this->_smp_cache[$gn][$item['file'].'.'.$item['ext']] = $item['slug'] . '_' . $item['smp_image_id'];
								}

								$this->cache->set('smp_seo_image.' . $this->config->get('config_language_id') . '_' . $gn, $this->_smp_cache[$gn]);
							}
						}

						$new_image		= mb_substr($filename, 0, mb_strrpos($filename, '.', 0, 'utf-8'), 'utf-8');
				
						if( ! isset( $this->_smp_cache[$gn][$new_image.'.'.$extension] ) ) {
							foreach( $this->getSeoImagesInfo( $new_image, $extension, $product_id ) as $item ) {
								$files = array();
				
								if( in_array( $item['p_image'], array( $new_image . '.' . $extension, $new_image . '_' . $this->config->get('config_store_id') . '.' . $extension ) ) ) {
									$files[] = $item['p_image'];
								} else {
									$files[] = $item['pi_image'];
								}
								
								foreach( $files as $file ) {				
									$basename = basename( $file );
									$info = array( 
										'dirname'	=> dirname( $file ), 
										'basename'	=> $basename, 
										'filename'	=> mb_substr( $basename, 0, mb_strrpos( $basename, '.', 'utf-8' ), 'utf-8' ),
										'extension'	=> mb_substr( $basename, mb_strrpos( $basename, '.', 'utf-8' )+1, mb_strlen( $basename, 'utf-8' ), 'utf-8' )
									);

									$this->db->query("
										INSERT INTO 
											" . DB_PREFIX . "smp_image 
										SET 
											file='" . $this->db->escape( $info['dirname'] . '/' . $info['filename'] ) . "', 
											ext='" . $this->db->escape( $info['extension'] ) . "',
											slug='" . $this->db->escape( $item['slug'] ) . "',
											language_id='" . (int) $this->config->get('config_language_id') . "',
											gn='" . $this->db->escape( $gn ) . "'
									");
				
									$id = $this->db->getLastId();
				
									$this->db->query("
										UPDATE
											" . DB_PREFIX . "smp_image
										SET
											gi='" . $this->db->escape( $this->_smp_gn( $id ) ) . "'
										WHERE
											smp_image_id='" . $id . "'
									");

									$this->_smp_cache[$gn][$file] = $item['slug'] . '_' . $id;
								}
							}

							if( ! isset( $this->_smp_cache[$gn][$new_image.'.'.$extension] ) ) {
								$this->_smp_cache[$gn][$new_image.'.'.$extension] = false;
							}

							$this->cache->set('smp_seo_image.' . $this->config->get('config_language_id') . '_' . $gn, $this->_smp_cache[$gn]);
						}

						if( ! empty( $this->_smp_cache[$gn][$new_image.'.'.$extension] ) ) {
							$seoName = $this->_smp_cache[$gn][$new_image.'.'.$extension];
				
							if( isset( $this->_smp_dynamic_cache[$product_id] ) ) {
								$seoName = explode( '_', $seoName );
								$seoName = $this->_smp_dynamic_cache[$product_id] . '_' . $seoName[count($seoName)-1];
							}
				
							$seoUrlImage	= 'image-smp/' . $seoName . '_' . $width . 'x' . $height . '.' . $extension;
						}
					}

					return $seoUrlImage;
				}
			]]></add>
		</operation>
		<operation index="2">
			<search><![CDATA[if ($this->request->server['HTTPS']) {]]></search>
			<add position="before"><![CDATA[
				if( __FUNCTION__ == 'resize' ) {
					$seoUrlImage = $this->_seoUrlImage( $product_id, 'image/' . ( isset( $image_new ) ? $image_new : $new_image ), $filename, $extension, $width, $height );
			
					if ($this->request->server['HTTPS']) {
						return ( $this->config->get('config_ssl') ? $this->config->get('config_ssl') : HTTPS_SERVER . 'image/' )  . $seoUrlImage;
					} else {
						return ( $this->config->get('config_url') ? $this->config->get('config_url') : HTTP_SERVER . 'image/' ) . $seoUrlImage;
					}
				}
			]]>
			</add>
		</operation>
		<operation index="3" error="skip">
			<search><![CDATA[ . 'image/' . $new_image;]]></search>
			<add position="replace"><![CDATA[ . ( isset( $seoUrlImage ) ? $seoUrlImage : 'image/' . $new_image );]]></add>
		</operation>
		<operation index="3" error="skip">
			<search><![CDATA[ . 'image/' . $image_new;]]></search>
			<add position="replace"><![CDATA[ . ( isset( $seoUrlImage ) ? $seoUrlImage : 'image/' . $image_new );]]></add>
		</operation>
	</file>

</modification>