<modification>
	<name>SEO Mega KIT - Canonical URLs</name>
	<version>2.0.0.0</version>
	<author>info@ocdemo.eu</author>
	<link>mailto:info@ocdemo.eu</link>
	<code>SEO Mega KIT</code>

	<file path="catalog/view/theme/*/template/common/header.twig" error="log">
		<operation error="log">
			<search><![CDATA[</head>]]></search>
			<add position="before"><![CDATA[
			{% if smkCanonicalUrl is not empty %}
				<link href="{{smkCanonicalUrl}}" rel="canonical" />
			{% endif %}
			]]>
			</add>
		</operation>
	</file>

	<file path="catalog/controller/common/header.php">
		<operation>
			<search><![CDATA[function index() {]]></search>
			<add position="after"><![CDATA[
				$data['smkCanonicalUrl'] = $this->document->getSmkCanonicalUrl();
			]]>
			</add>
		</operation>
	</file>

	<file path="system/engine/router.php">
		<operation>
			<search><![CDATA[$this->registry = $registry;]]></search>
			<add position="after"><![CDATA[
				$this->registry->set('document', new Document($registry));
			]]></add>
		</operation>
	</file>

	<file path="system/library/document.php">
		<operation>
			<search><![CDATA[class Document {]]></search>
			<add position="after"><![CDATA[
				private $smkCanonicalUrl = null;
				private $registry;
				
				public function __construct($registry=null) {
					$this->registry = $registry;
				}
				
				public function setSmkCanonicalUrl( $class ) {
					//global $registry;
					$registry = $this->registry;
					
					$class = preg_replace( '/^Controller|\s+/u', '', $class );
					$class = preg_replace( '/(.)(?=[A-Z])/u', '$1/', $class );
					$class = strtolower( $class );
				
					switch( $class ) {
						case 'product/category' : {
							if( isset( $registry->get('request')->get['path'] ) ) {
								$this->smkCanonicalUrl = $registry->get('url')->link('product/category', 'path=' . $registry->get('request')->get['path'], true);
							}

							break;
						}
						case 'product/product' : {
							if( isset( $registry->get('request')->get['product_id'] ) ) {
								$this->smkCanonicalUrl = $registry->get('url')->link('product/category', 'product_id=' . $registry->get('request')->get['product_id'], true);
							}

							break;
						}
						case 'product/manufacturer/info' : {
							if( isset( $registry->get('request')->get['manufacturer_id'] ) ) {
								$this->smkCanonicalUrl = $registry->get('url')->link('product/manufacturer/info', 'manufacturer_id=' . $registry->get('request')->get['manufacturer_id'], true);
							}

							break;
						}
						case 'information/information' : {
							if( isset( $registry->get('request')->get['information_id'] ) ) {
								$this->smkCanonicalUrl = $registry->get('url')->link('information/information', 'information_id=' . $registry->get('request')->get['information_id'], true);
							}

							break;
						}
						case 'account/login' :
						case 'account/register' :
						case 'account/forgotten' :
						case 'account/return/add' :
						case 'product/manufacturer' :
						case 'product/special' :
						case 'product/compare' :
						case 'checkout/cart' :
						case 'checkout/checkout' :
						case 'information/sitemap' :
						case 'information/contact' : {
							$this->smkCanonicalUrl = $registry->get('url')->link($class, '', true);
				
							break;
						}
					}
				}
				
				public function getSmkCanonicalUrl() {				
					if( $this->links && is_array( $this->links ) ) {
						foreach( $this->links as $link ) {
							if( is_array( $link ) && isset( $link['rel'] ) && $link['rel'] == 'canonical' ) {
								return null;
							}
						}
					}
				
					return $this->smkCanonicalUrl;
				}
			]]>
			</add>
		</operation>
	</file>

	<file path="catalog/controller/product/category.php">
		<operation>
			<search><![CDATA[function index() {]]></search>
			<add position="after"><![CDATA[
				$this->document->setSmkCanonicalUrl( __CLASS__ );
			]]>
			</add>
		</operation>
	</file>
	<file path="catalog/controller/product/product.php">
		<operation>
			<search><![CDATA[function index() {]]></search>
			<add position="after"><![CDATA[
				$this->document->setSmkCanonicalUrl( __CLASS__ );
			]]>
			</add>
		</operation>
	</file>
	<file path="catalog/controller/product/special.php">
		<operation>
			<search><![CDATA[function index() {]]></search>
			<add position="after"><![CDATA[
				$this->document->setSmkCanonicalUrl( __CLASS__ );
			]]>
			</add>
		</operation>
	</file>
	<file path="catalog/controller/product/compare.php">
		<operation>
			<search><![CDATA[function index() {]]></search>
			<add position="after"><![CDATA[
				$this->document->setSmkCanonicalUrl( __CLASS__ );
			]]>
			</add>
		</operation>
	</file>
	<file path="catalog/controller/information/contact.php">
		<operation>
			<search><![CDATA[function index() {]]></search>
			<add position="after"><![CDATA[
				$this->document->setSmkCanonicalUrl( __CLASS__ );
			]]>
			</add>
		</operation>
	</file>
	<file path="catalog/controller/information/information.php">
		<operation>
			<search><![CDATA[function index() {]]></search>
			<add position="after"><![CDATA[
				$this->document->setSmkCanonicalUrl( __CLASS__ );
			]]>
			</add>
		</operation>
	</file>
	<file path="catalog/controller/checkout/cart.php">
		<operation>
			<search><![CDATA[function index() {]]></search>
			<add position="after"><![CDATA[
				$this->document->setSmkCanonicalUrl( __CLASS__ );
			]]>
			</add>
		</operation>
	</file>
	<file path="catalog/controller/checkout/checkout.php">
		<operation>
			<search><![CDATA[function index() {]]></search>
			<add position="after"><![CDATA[
				$this->document->setSmkCanonicalUrl( __CLASS__ );
			]]>
			</add>
		</operation>
	</file>
	<file path="catalog/controller/product/manufacturer.php">
		<operation>
			<search><![CDATA[function index() {]]></search>
			<add position="after"><![CDATA[
				$this->document->setSmkCanonicalUrl( __CLASS__ );
			]]>
			</add>
		</operation>
	</file>
	<file path="catalog/controller/account/login.php">
		<operation>
			<search><![CDATA[function index() {]]></search>
			<add position="after"><![CDATA[
				$this->document->setSmkCanonicalUrl( __CLASS__ );
			]]>
			</add>
		</operation>
	</file>
	<file path="catalog/controller/account/register.php">
		<operation>
			<search><![CDATA[function index() {]]></search>
			<add position="after"><![CDATA[
				$this->document->setSmkCanonicalUrl( __CLASS__ );
			]]>
			</add>
		</operation>
	</file>
	<file path="catalog/controller/account/forgotten.php">
		<operation>
			<search><![CDATA[function index() {]]></search>
			<add position="after"><![CDATA[
				$this->document->setSmkCanonicalUrl( __CLASS__ );
			]]>
			</add>
		</operation>
	</file>
	

	<file path="catalog/controller/product/manufacturer.php">
		<operation>
			<search><![CDATA[function info() {]]></search>
			<add position="after"><![CDATA[
				$this->document->setSmkCanonicalUrl( __CLASS__ . '/info' );
			]]>
			</add>
		</operation>
	</file>

	<file path="catalog/controller/account/return.php">
		<operation>
			<search><![CDATA[function add() {]]></search>
			<add position="after"><![CDATA[
				$this->document->setSmkCanonicalUrl( __CLASS__ . '/add' );
			]]>
			</add>
		</operation>
	</file>

</modification>