<modification>
	<name>SEO Mega KIT - Products - Titles Generator</name>
	<version>2.0.0.0</version>
	<author>info@ocdemo.eu</author>
	<link>mailto:info@ocdemo.eu</link>
	<code>SEO Mega KIT</code>
	
	<!-- // BACKEND //////////////////////////////////////////////////////// -->

	<!-- Language -->
	<file path="admin/language/*/catalog/product.php">
		<operation>
			<search><![CDATA[<?php]]></search>
			<add position="after"><![CDATA[
				$_['entry_smp_seo_h1_title'] = 'SEO Heading Title:';
				$_['entry_smp_alt_images'] = 'SEO ALT Images:';
				$_['entry_smp_title_images'] = 'SEO Title Images:';
			]]></add>
		</operation>
	</file>

	<!-- Product -->
	<file path="admin/view/template/catalog/product_form.twig">
		<operation>
			<search><![CDATA[<label class="col-sm-2 control-label" for="input-meta-description{{ language.language_id }}">{{ entry_meta_description }}</label>]]></search>
			<add position="before"><![CDATA[
				<label class="col-sm-2 control-label" for="input-smp-seo-h1-title{{ language.language_id }}">{{ entry_smp_seo_h1_title }}</label>
					<div class="col-sm-10">
						<input 
							type="hidden" 
							name="product_description[{{ language.language_id }}][smp_h1_title-src]"
							value="{{ product_description[ language['language_id']]['smp_h1_title'] is defined ? product_description[language['language_id']]['smp_h1_title'] }}"
						/>
						<input  
							type="hidden" 
							name="product_description[{{ language['language_id']}}][smp_h1_title-ag]"
							value="{{ product_description[language['language_id']]['smp_h1_title_ag'] is defined ? product_description[language['language_id']]['smp_h1_title_ag'] }}"
						/>
						
						<input 
							type="text" 
							name="product_description[{{language['language_id']}}][smp_h1_title]" 
							class="form-control"
							placeholder="{{entry_smp_seo_h1_title}}"
							value="{{ product_description[language['language_id']]['smp_h1_title'] is defined ? product_description[language['language_id']]['smp_h1_title'] }}" />
													
						<input 
							type="hidden" 
							name="product_description[{{language['language_id']}}][tag-src]"
							value="{{ product_description[language['language_id']]['tag'] is defined ? product_description[language['language_id']]['tag'] }}"
						/>
						<input 
							type="hidden" 
							name="product_description[{{language['language_id']}}][tag-ag]"
							value="{{ product_description[language['language_id']]['tag_ag'] is defined ? product_description[language['language_id']]['tag_ag'] }}"
						/>
						
						<textarea 
							style="display:none" 
							name="product_description[{{language['language_id']}}][meta_description-src]"
						>{{ product_description[language['language_id']]['meta_description'] is defined ? product_description[language['language_id']]['meta_description'] }}</textarea>
						
						<input 
							type="hidden" 
							name="product_description[{{language['language_id']}}][meta_description-ag]"
							value="{{ product_description[language['language_id']]['meta_description_ag'] is defined ? product_description[language['language_id']]['meta_description_ag'] }}"
						/>
						
						<textarea 
							style="display:none" 
							name="product_description[{{language['language_id']}}][meta_keyword-src]"
						>{{ product_description[language['language_id']]['meta_keyword'] is defined ? product_description[language['language_id']]['meta_keyword'] }}</textarea>
						
						<input 
							type="hidden" 
							name="product_description[{{language['language_id']}}][meta_keyword-ag]"
							value="{{ product_description[language['language_id']]['meta_keyword_ag'] is defined ? product_description[language['language_id']]['meta_keyword_ag'] }}"
						/>
						
						<textarea 
							style="display:none" 
							name="product_description[{{language['language_id']}}][description-src]"
						>{{ product_description[language['language_id']]['description'] is defined ? product_description[language['language_id']]['description'] }}</textarea>
						
						<input 
							type="hidden" 
							name="product_description[{{language['language_id']}}][description-ag]"
							value="{{ product_description[language['language_id']]['description_ag'] is defined ? product_description[language['language_id']]['description_ag'] }}"
						/>
						
						<input 
							type="hidden" 
							name="product_description[{{language['language_id']}}][meta_title-src]"
							value="{{ product_description[language['language_id']]['meta_title'] is defined ? product_description[language['language_id']]['meta_title'] }}"
						/>
						
						<input 
							type="hidden" 
							name="product_description[{{language['language_id']}}][meta_title-ag]"
							value="{{ product_description[language['language_id']]['meta_title_ag'] is defined ? product_description[language['language_id']]['meta_title_ag'] }}"
						/>
						
					</div>
				</div>
				<div class="form-group">
					<label class="col-sm-2 control-label" for="input-smp-alt-images{{language['language_id']}}">{{entry_smp_alt_images}}</label>
					<div class="col-sm-10">
						<input 
							type="hidden" 
							name="product_description[{{language['language_id']}}][smp_alt_images-src]"
							value="{{ product_description[language['language_id']]['smp_alt_images'] is defined ? product_description[language['language_id']]['smp_alt_images'] }}"
						/>
						
						<input 
							type="hidden" 
							name="product_description[{{language['language_id']}}][smp_alt_images-ag]"
							value="{{ product_description[language['language_id']]['smp_alt_images_ag'] is defined ? product_description[language['language_id']]['smp_alt_images_ag'] }}"
						/>
							
						<input 
							type="text" 
							name="product_description[{{language['language_id']}}][smp_alt_images]" 
							class="form-control"
							placeholder="{{entry_smp_alt_images}}"
							value="{{ product_description[language['language_id']]['smp_alt_images'] is defined ? product_description[language['language_id']]['smp_alt_images'] }}" />
					</div>
				</div>
				<div class="form-group">
					<label class="col-sm-2 control-label" for="input-smp-title-images{{language['language_id']}}">{{entry_smp_title_images}}</label>
					<div class="col-sm-10">
						<input 
							type="hidden" 
							name="product_description[{{language['language_id']}}][smp_title_images-src]"
							value="{{ product_description[language['language_id']]['smp_title_images'] is defined ? product_description[language['language_id']]['smp_title_images'] }}"
						/>
						
						<input 
							type="hidden" 
							name="product_description[{{language['language_id']}}][smp_title_images-ag]"
							value="{{ product_description[language['language_id']]['smp_title_images_ag'] is defined ? product_description[language['language_id']]['smp_title_images_ag'] }}"
						/>
							
						<input 
							type="text" 
							name="product_description[{{language['language_id']}}][smp_title_images]" 
							class="form-control"
							placeholder="{{entry_smp_title_images}}"
							value="{{ product_description[language['language_id']]['smp_title_images'] is defined ? product_description[language['language_id']]['smp_title_images'] }}" />
					</div>
				</div>
				<div class="form-group">
			]]></add>
		</operation>
	</file>

	<file path="admin/controller/catalog/product.php">
		<operation>
			<search><![CDATA[$this->load->model('tool/image');]]></search>
			<add position="before"><![CDATA[
				$data['entry_smp_seo_title'] = $this->language->get('entry_smp_seo_title');
				$data['entry_smp_seo_h1_title'] = $this->language->get('entry_smp_seo_h1_title');
				$data['entry_smp_alt_images'] = $this->language->get('entry_smp_alt_images');
				$data['entry_smp_title_images'] = $this->language->get('entry_smp_title_images');
			]]></add>
		</operation>
		<operation>
			<search><![CDATA[$this->error['meta_title'][$language_id] = $this->language->get('error_meta_title');]]></search>
			<add position="replace"><![CDATA[/* $this->error['meta_title'][$language_id] = $this->language->get('error_meta_title'); */]]></add>
		</operation>
	</file>

	<!-- Model -->
	<file path="admin/model/catalog/product.php">
		<operation>
			<search><![CDATA['meta_keyword'     => $result['meta_keyword'],]]></search>
			<add position="after"><![CDATA[
				'meta_title' => isset( $result['meta_title'] ) ? $result['meta_title'] : '',
				'smp_h1_title' => isset( $result['smp_h1_title'] ) ? $result['smp_h1_title'] : '',
				'smp_alt_images' => isset( $result['smp_alt_images'] ) ? $result['smp_alt_images'] : '',
				'smp_title_images' => isset( $result['smp_title_images'] ) ? $result['smp_title_images'] : '',
				
				'meta_keyword_ag' => empty( $result['meta_keyword_ag'] ) ? '0' : '1',
				'meta_description_ag' => empty( $result['meta_description_ag'] ) ? '0' : '1',
				'meta_title_ag' => empty( $result['meta_title_ag'] ) ? '0' : '1',
				'smp_h1_title_ag' => empty( $result['smp_h1_title_ag'] ) ? '0' : '1',
				'tag_ag' => empty( $result['tag_ag'] ) ? '0' : '1',
				'description_ag' => empty( $result['description_ag'] ) ? '0' : '1',
				'smp_alt_images_ag' => empty( $result['smp_alt_images_ag'] ) ? '0' : '1',
				'smp_title_images_ag' => empty( $result['smp_title_images_ag'] ) ? '0' : '1',
			]]></add>
		</operation>
		<operation>
			<search><![CDATA[if (isset($data['product_store'])) {]]></search>
			<add position="before"><![CDATA[
				
				$url_alias_exists = array();
				
				if(isset($data['product_seo_url'])){
					foreach( $data['product_seo_url'] as $store_id => $values ) {
						foreach( $values as $language_id => $value ) {
							if( $value !== '' ) {
								$url_alias_exists[] = $language_id.'_'.$store_id;
							}
						}
					}
				}
				
				foreach ($data['product_description'] as $language_id => $value) {
					$this->db->query("
						UPDATE 
							" . DB_PREFIX . "product_description 
						SET 
							meta_keyword_ag = '" . ( ! isset( $value['meta_keyword-src'] ) || $value['meta_keyword'] != $value['meta_keyword-src'] ? '0' : $value['meta_keyword-ag'] ) . "',
							meta_description_ag = '" . ( ! isset( $value['meta_description-src'] ) || $value['meta_description'] != $value['meta_description-src'] ? '0' : $value['meta_description-ag'] ) . "',
							meta_title_ag = '" . ( ! isset( $value['meta_title-src'] ) || $value['meta_title'] != $value['meta_title-src'] ? '0' : $value['meta_title-ag'] ) . "',
							smp_h1_title_ag = '" . ( ! isset( $value['smp_h1_title-src'] ) || $value['smp_h1_title'] != $value['smp_h1_title-src'] ? '0' : $value['smp_h1_title-ag'] ) . "',
							tag_ag = '" . ( ! isset( $value['tag-src'] ) || ! isset( $value['tag'] ) || $value['tag'] != $value['tag-src'] ? '0' : $value['tag-ag'] ) . "',
							description_ag = '" . ( ! isset( $value['description-src'] ) || $value['description'] != $value['description-src'] ? '0' : $value['description-ag'] ) . "',
							smp_alt_images_ag = '" . ( ! isset( $value['smp_alt_images-src'] ) || $value['smp_alt_images'] != $value['smp_alt_images-src'] ? '0' : $value['smp_alt_images-ag'] ) . "',
							smp_title_images_ag = '" . ( ! isset( $value['smp_title_images-src'] ) || $value['smp_title_images'] != $value['smp_title_images-src'] ? '0' : $value['smp_title_images-ag'] ) . "',
							url_alias_exists = '" . implode(',', $url_alias_exists) . "',
							meta_title='" . $this->db->escape($value['meta_title']) . "', 
							smp_h1_title='" . $this->db->escape($value['smp_h1_title']) . "',
							smp_alt_images='" . $this->db->escape($value['smp_alt_images']) . "',
							smp_title_images='" . $this->db->escape($value['smp_title_images']) . "'
						WHERE
							product_id = '" . (int)$product_id . "' AND language_id = '" . (int)$language_id . "'
						"
					);
				}
			]]></add>
		</operation>
		<operation error="skip">
			<search><![CDATA[$this->db->query("DELETE FROM " . DB_PREFIX . "product_related WHERE product_id = '" . (int)$product_id . "'");]]></search>
			<add position="before"><![CDATA[
				$productBy = array();
				
				foreach( $this->db->query("
					SELECT
						*
					FROM
						" . DB_PREFIX . "product_related
					WHERE
						product_id = " . (int) $product_id . "
					AND
						smp_ag = '1'
				")->rows as $row ) {
					$productBy[] = $row['related_id'];
				}
				
				foreach( $this->db->query("
					SELECT
						*
					FROM
						" . DB_PREFIX . "product_related
					WHERE
						related_id = " . (int) $product_id . "
					AND
						smp_ag = '1'
				")->rows as $row ) {
					$productBy[] = $row['product_id'];
				}
			]]></add>
		</operation>
		<operation>
			<search><![CDATA[SET product_id = '" . (int)$product_id . "', related_id = '" . (int)$related_id . "']]></search>
			<add position="replace"><![CDATA[SET product_id = '" . (int)$product_id . "', related_id = '" . (int)$related_id . "', smp_ag = '" . ( isset( $productBy ) && in_array( $related_id, $productBy ) ? '1' : '0' ) . "']]></add>
		</operation>
		<operation>
			<search><![CDATA[SET product_id = '" . (int)$related_id . "', related_id = '" . (int)$product_id . "']]></search>
			<add position="replace"><![CDATA[SET product_id = '" . (int)$related_id . "', related_id = '" . (int)$product_id . "', smp_ag = '" . ( isset( $productBy ) && in_array( $related_id, $productBy ) ? '1' : '0' ) . "']]></add>
		</operation>
		<operation>
			<search><![CDATA[$this->cache->delete('product');]]></search>
			<add position="before"><![CDATA[
				if( in_array( __FUNCTION__, array( 'addProduct', 'editProduct' ) ) ) {
					$this->db->query("
						UPDATE
							" . DB_PREFIX . "product p
						SET
							p.smp_related_products = (
								SELECT
									COUNT(*)
								FROM
									" . DB_PREFIX . "product_related r
								WHERE
									r.product_id = p.product_id
							)
						WHERE
							p.product_id = " . (int) $product_id . "
					");
				}
			]]></add>
		</operation>
	</file>
	
	<!-- // FRONTEND /////////////////////////////////////////////////////// -->

	<!-- Controller -->
	<file path="catalog/controller/product/product.php">
		<operation>
			<search><![CDATA[$this->document->setTitle($product_info['meta_title']);]]></search>
			<add position="replace"><![CDATA[$this->document->setTitle(empty($product_info['meta_title'])?$product_info['name']:$product_info['meta_title']);]]></add>
		</operation>
		<operation>
			<search><![CDATA[$data['heading_title'] = $product_info['name'];]]></search>
			<add position="after"><![CDATA[
				$data['heading_title'] = empty( $product_info['smp_h1_title'] ) ? $product_info['name'] : $product_info['smp_h1_title'];
				$data['smp_alt_images'] = isset( $product_info['smp_alt_images'] ) ? $product_info['smp_alt_images'] : '';
				$data['smp_title_images'] = isset( $product_info['smp_title_images'] ) ? $product_info['smp_title_images'] : '';
			]]></add>
		</operation>
	</file>
	
<!-- multi -->
	<file path="catalog/controller/module/bestseller.php" error="skip">
		<operation>
			<search><![CDATA['product_id'  => $result['product_id'],]]></search>
			<add position="after"><![CDATA[
				'smp_alt_images' => empty( $result['smp_alt_images'] ) ? '' : $result['smp_alt_images'],
				'smp_title_images' => empty( $result['smp_title_images'] ) ? '' : $result['smp_title_images'],
			]]></add>
		</operation>
	</file>
	<file path="catalog/controller/module/latest.php" error="skip">
		<operation>
			<search><![CDATA['product_id'  => $result['product_id'],]]></search>
			<add position="after"><![CDATA[
				'smp_alt_images' => empty( $result['smp_alt_images'] ) ? '' : $result['smp_alt_images'],
				'smp_title_images' => empty( $result['smp_title_images'] ) ? '' : $result['smp_title_images'],
			]]></add>
		</operation>
	</file>
	<file path="catalog/controller/module/special.php" error="skip">
		<operation>
			<search><![CDATA['product_id'  => $result['product_id'],]]></search>
			<add position="after"><![CDATA[
				'smp_alt_images' => empty( $result['smp_alt_images'] ) ? '' : $result['smp_alt_images'],
				'smp_title_images' => empty( $result['smp_title_images'] ) ? '' : $result['smp_title_images'],
			]]></add>
		</operation>
	</file>
	<file path="catalog/controller/product/product.php" error="skip">
		<operation>
			<search><![CDATA['product_id'  => $result['product_id'],]]></search>
			<add position="after"><![CDATA[
				'smp_alt_images' => empty( $result['smp_alt_images'] ) ? '' : $result['smp_alt_images'],
				'smp_title_images' => empty( $result['smp_title_images'] ) ? '' : $result['smp_title_images'],
			]]></add>
		</operation>
	</file>
	<file path="catalog/controller/product/category.php" error="skip">
		<operation>
			<search><![CDATA['product_id'  => $result['product_id'],]]></search>
			<add position="after"><![CDATA[
				'smp_alt_images' => empty( $result['smp_alt_images'] ) ? '' : $result['smp_alt_images'],
				'smp_title_images' => empty( $result['smp_title_images'] ) ? '' : $result['smp_title_images'],
			]]></add>
		</operation>
	</file>
	<file path="catalog/controller/product/manufacturer.php" error="skip">
		<operation>
			<search><![CDATA['product_id'  => $result['product_id'],]]></search>
			<add position="after"><![CDATA[
				'smp_alt_images' => empty( $result['smp_alt_images'] ) ? '' : $result['smp_alt_images'],
				'smp_title_images' => empty( $result['smp_title_images'] ) ? '' : $result['smp_title_images'],
			]]></add>
		</operation>
	</file>
	<file path="catalog/controller/product/search.php" error="skip">
		<operation>
			<search><![CDATA['product_id'  => $result['product_id'],]]></search>
			<add position="after"><![CDATA[
				'smp_alt_images' => empty( $result['smp_alt_images'] ) ? '' : $result['smp_alt_images'],
				'smp_title_images' => empty( $result['smp_title_images'] ) ? '' : $result['smp_title_images'],
			]]></add>
		</operation>
	</file>
	<file path="catalog/controller/extension/module/bestseller.php" error="skip">
		<operation>
			<search><![CDATA['product_id'  => $result['product_id'],]]></search>
			<add position="after"><![CDATA[
				'smp_alt_images' => empty( $result['smp_alt_images'] ) ? '' : $result['smp_alt_images'],
				'smp_title_images' => empty( $result['smp_title_images'] ) ? '' : $result['smp_title_images'],
			]]></add>
		</operation>
	</file>
	<file path="catalog/controller/extension/module/latest.php" error="skip">
		<operation>
			<search><![CDATA['product_id'  => $result['product_id'],]]></search>
			<add position="after"><![CDATA[
				'smp_alt_images' => empty( $result['smp_alt_images'] ) ? '' : $result['smp_alt_images'],
				'smp_title_images' => empty( $result['smp_title_images'] ) ? '' : $result['smp_title_images'],
			]]></add>
		</operation>
	</file>
	<file path="catalog/controller/extension/module/special.php" error="skip">
		<operation>
			<search><![CDATA['product_id'  => $result['product_id'],]]></search>
			<add position="after"><![CDATA[
				'smp_alt_images' => empty( $result['smp_alt_images'] ) ? '' : $result['smp_alt_images'],
				'smp_title_images' => empty( $result['smp_title_images'] ) ? '' : $result['smp_title_images'],
			]]></add>
		</operation>
	</file>

	
<!-- multi -->			
	<file path="catalog/controller/module/featured.php" error="skip">
		<operation>
			<search><![CDATA['product_id'  => $product_info['product_id'],]]></search>
			<add position="after"><![CDATA[
				'smp_alt_images' => empty( $product_info['smp_alt_images'] ) ? '' : $product_info['smp_alt_images'],
				'smp_title_images' => empty( $product_info['smp_title_images'] ) ? '' : $product_info['smp_title_images'],
			]]></add>
		</operation>
	</file>
	<file path="catalog/controller/extension/module/featured.php" error="skip">
		<operation>
			<search><![CDATA['product_id'  => $product_info['product_id'],]]></search>
			<add position="after"><![CDATA[
				'smp_alt_images' => empty( $product_info['smp_alt_images'] ) ? '' : $product_info['smp_alt_images'],
				'smp_title_images' => empty( $product_info['smp_title_images'] ) ? '' : $product_info['smp_title_images'],
			]]></add>
		</operation>
	</file>

	<!-- Model -->
	<file path="catalog/model/catalog/product.php">
		<operation error="skip">
			<search><![CDATA['product_id'       => $query->row['product_id'],]]></search>
			<add position="after"><![CDATA[
				'smp_h1_title' => isset( $query->row['smp_h1_title'] ) ? $query->row['smp_h1_title'] : '',
				'smp_alt_images' => empty( $query->row['smp_alt_images'] ) ? '' : $query->row['smp_alt_images'],
				'smp_title_images' => empty( $query->row['smp_title_images'] ) ? '' : $query->row['smp_title_images'],
			]]></add>
		</operation>
	</file>
	
<!-- View multi -->
	<file path="catalog/view/theme/*/template/product/search.twig" error="log">
		<operation error="skip">
			<search><![CDATA[alt="{{ product.name }}"]]></search>
			<add position="replace"><![CDATA[alt="{{ product['smp_alt_images'] is empty ? product['name'] : product['smp_alt_images'] }}"]]></add>
		</operation>
		<operation error="skip">
			<search><![CDATA[title="{{ product.name }}"]]></search>
			<add position="replace"><![CDATA[title="{{ product['smp_title_images'] is empty ? product['name'] : product['smp_title_images'] }}"]]></add>
		</operation>
	</file>
	<file path="catalog/view/theme/*/template/product/category.twig" error="log">
		<operation error="skip">
			<search><![CDATA[alt="{{ product.name }}"]]></search>
			<add position="replace"><![CDATA[alt="{{ product['smp_alt_images'] is empty ? product['name'] : product['smp_alt_images'] }}"]]></add>
		</operation>
		<operation error="skip">
			<search><![CDATA[title="{{ product.name }}"]]></search>
			<add position="replace"><![CDATA[title="{{ product['smp_title_images'] is empty ? product['name'] : product['smp_title_images'] }}"]]></add>
		</operation>
	</file>
	<file path="catalog/view/theme/*/template/product/manufacturer_info.twig" error="log">
		<operation error="skip">
			<search><![CDATA[alt="{{ product.name }}"]]></search>
			<add position="replace"><![CDATA[alt="{{ product['smp_alt_images'] is empty ? product['name'] : product['smp_alt_images'] }}"]]></add>
		</operation>
		<operation error="skip">
			<search><![CDATA[title="{{ product.name }}"]]></search>
			<add position="replace"><![CDATA[title="{{ product['smp_title_images'] is empty ? product['name'] : product['smp_title_images'] }}"]]></add>
		</operation>
	</file>
	<file path="catalog/view/theme/*/template/product/special.twig" error="log">
		<operation error="skip">
			<search><![CDATA[alt="{{ product.name }}"]]></search>
			<add position="replace"><![CDATA[alt="{{ product['smp_alt_images'] is empty ? product['name'] : product['smp_alt_images'] }}"]]></add>
		</operation>
		<operation error="skip">
			<search><![CDATA[title="{{ product.name }}"]]></search>
			<add position="replace"><![CDATA[title="{{ product['smp_title_images'] is empty ? product['name'] : product['smp_title_images'] }}"]]></add>
		</operation>
	</file>
	<file path="catalog/view/theme/*/template/module/bestseller.twig" error="log">
		<operation error="skip">
			<search><![CDATA[alt="{{ product.name }}"]]></search>
			<add position="replace"><![CDATA[alt="{{ product['smp_alt_images'] is empty ? product['name'] : product['smp_alt_images'] }}"]]></add>
		</operation>
		<operation error="skip">
			<search><![CDATA[title="{{ product.name }}"]]></search>
			<add position="replace"><![CDATA[title="{{ product['smp_title_images'] is empty ? product['name'] : product['smp_title_images'] }}"]]></add>
		</operation>
	</file>
	<file path="catalog/view/theme/*/template/module/latest.twig" error="log">
		<operation error="skip">
			<search><![CDATA[alt="{{ product.name }}"]]></search>
			<add position="replace"><![CDATA[alt="{{ product['smp_alt_images'] is empty ? product['name'] : product['smp_alt_images'] }}"]]></add>
		</operation>
		<operation error="skip">
			<search><![CDATA[title="{{ product.name }}"]]></search>
			<add position="replace"><![CDATA[title="{{ product['smp_title_images'] is empty ? product['name'] : product['smp_title_images'] }}"]]></add>
		</operation>
	</file>
	<file path="catalog/view/theme/*/template/module/special.twig" error="log">
		<operation error="skip">
			<search><![CDATA[alt="{{ product.name }}"]]></search>
			<add position="replace"><![CDATA[alt="{{ product['smp_alt_images'] is empty ? product['name'] : product['smp_alt_images'] }}"]]></add>
		</operation>
		<operation error="skip">
			<search><![CDATA[title="{{ product.name }}"]]></search>
			<add position="replace"><![CDATA[title="{{ product['smp_title_images'] is empty ? product['name'] : product['smp_title_images'] }}"]]></add>
		</operation>
	</file>
	<file path="catalog/view/theme/*/template/module/featured.twig" error="log">
		<operation error="skip">
			<search><![CDATA[alt="{{ product.name }}"]]></search>
			<add position="replace"><![CDATA[alt="{{ product['smp_alt_images'] is empty ? product['name'] : product['smp_alt_images'] }}"]]></add>
		</operation>
		<operation error="skip">
			<search><![CDATA[title="{{ product.name }}"]]></search>
			<add position="replace"><![CDATA[title="{{ product['smp_title_images'] is empty ? product['name'] : product['smp_title_images'] }}"]]></add>
		</operation>
	</file>
	<file path="catalog/view/theme/*/template/extension/module/bestseller.twig" error="log">
		<operation error="skip">
			<search><![CDATA[alt="{{ product.name }}"]]></search>
			<add position="replace"><![CDATA[alt="{{ product['smp_alt_images'] is empty ? product['name'] : product['smp_alt_images'] }}"]]></add>
		</operation>
		<operation error="skip">
			<search><![CDATA[title="{{ product.name }}"]]></search>
			<add position="replace"><![CDATA[title="{{ product['smp_title_images'] is empty ? product['name'] : product['smp_title_images'] }}"]]></add>
		</operation>
	</file>
	<file path="catalog/view/theme/*/template/extension/module/latest.twig" error="log">
		<operation error="skip">
			<search><![CDATA[alt="{{ product.name }}"]]></search>
			<add position="replace"><![CDATA[alt="{{ product['smp_alt_images'] is empty ? product['name'] : product['smp_alt_images'] }}"]]></add>
		</operation>
		<operation error="skip">
			<search><![CDATA[title="{{ product.name }}"]]></search>
			<add position="replace"><![CDATA[title="{{ product['smp_title_images'] is empty ? product['name'] : product['smp_title_images'] }}"]]></add>
		</operation>
	</file>
	<file path="catalog/view/theme/*/template/extension/module/special.twig" error="log">
		<operation error="skip">
			<search><![CDATA[alt="{{ product.name }}"]]></search>
			<add position="replace"><![CDATA[alt="{{ product['smp_alt_images'] is empty ? product['name'] : product['smp_alt_images'] }}"]]></add>
		</operation>
		<operation error="skip">
			<search><![CDATA[title="{{ product.name }}"]]></search>
			<add position="replace"><![CDATA[title="{{ product['smp_title_images'] is empty ? product['name'] : product['smp_title_images'] }}"]]></add>
		</operation>
	</file>
	<file path="catalog/view/theme/*/template/extension/module/featured.twig" error="log">
		<operation error="skip">
			<search><![CDATA[alt="{{ product.name }}"]]></search>
			<add position="replace"><![CDATA[alt="{{ product['smp_alt_images'] is empty ? product['name'] : product['smp_alt_images'] }}"]]></add>
		</operation>
		<operation error="skip">
			<search><![CDATA[title="{{ product.name }}"]]></search>
			<add position="replace"><![CDATA[title="{{ product['smp_title_images'] is empty ? product['name'] : product['smp_title_images'] }}"]]></add>
		</operation>
	</file>

	<file path="catalog/view/theme/*/template/product/product.twig" error="log">
		<operation error="skip">
			<search><![CDATA[alt="{{ heading_title }}"]]></search>
			<add position="replace"><![CDATA[alt="{{ smp_alt_images is empty ? heading_title : smp_alt_images }}"]]></add>
		</operation>
		<operation error="skip">
			<search><![CDATA[title="{{ heading_title }}"]]></search>
			<add position="replace"><![CDATA[title="{{ smp_title_images is empty ? heading_title : smp_title_images }}"]]></add>
		</operation>
		<operation error="skip">
			<search><![CDATA[alt="{{ product.name }}"]]></search>
			<add position="replace"><![CDATA[alt="{{ product['smp_alt_images'] is empty ? product['name'] : product['smp_alt_images'] }}"]]></add>
		</operation>
	</file>

</modification>