<modification>
	<name>SEO Mega KIT - Extras</name>
	<version>2.0.0.0</version>
	<author>info@ocdemo.eu</author>
	<link>mailto:info@ocdemo.eu</link>
	<code>SEO Mega KIT</code>

	<!-- Footer -->
	<file path="catalog/controller/common/footer.php">
		<operation>
			<search><![CDATA[$this->load->view(]]></search>
			<add position="before"><![CDATA[
				$data['smp_google_analytics'] = (array) $this->config->get('smp_google_analytics');
				
				if( isset( $data['smp_google_analytics'][$this->config->get('config_store_id')] ) ) {
					$data['smp_google_analytics'] = $data['smp_google_analytics'][$this->config->get('config_store_id')];
					$data['smp_google_analytics'] = htmlspecialchars_decode( $data['smp_google_analytics'] );
				} else {
					$data['smp_google_analytics'] = NULL;
				}
			]]>
			</add>
		</operation>
	</file>
	
	<file path="catalog/view/theme/*/template/common/footer.twig" error="log">
		<operation>
			<search><![CDATA[</body>]]></search>
			<add position="replace"><![CDATA[
					{% if smp_google_analytics is not empty %}
						{{ smp_google_analytics }}
					{% endif %}
				</body>
			]]>
			</add>
		</operation>
	</file>

	<!-- Header -->
	<file path="catalog/controller/common/header.php">
		<operation>
			<search><![CDATA[$this->load->view(]]></search>
			<add position="before"><![CDATA[
				$data['smp_meta'] = (array) $this->config->get('smp_meta');
				$data['smp_extras'] = $this->config->get('smp_extras');
				$data['smp_config_language'] = $this->config->get('config_language');
				$data['__SMP_HREFLANG'] = $this->config->get( '__SMP_HREFLANG' );
				
				if( isset( $data['smp_meta'][$this->config->get('config_store_id')] ) ) {
					$data['smp_meta'] = $data['smp_meta'][$this->config->get('config_store_id')];
				} else {
					$data['smp_meta'] = NULL;
				}
				
				if( isset( $data['smp_extras'][$this->config->get('config_store_id')] ) ) {
					$data['smp_extras'] = $data['smp_extras'][$this->config->get('config_store_id')];
				} else {
					$data['smp_extras'] = array();
				}
			]]>
			</add>
		</operation>
	</file>
	
	<file path="catalog/view/theme/*/template/common/header.twig" error="log">
		<!-- Webmaster Tools/FB/G+ -->
		<operation>
			<search><![CDATA[</head>]]></search>
			<add position="replace"><![CDATA[
				{% if smp_meta is not empty %}
					{% for k, v in smp_meta %}
						{% if v is not empty %}
							<meta name="{{k}}" content="{{v}}" />
						{% endif %}
					{% endfor %}
				{% endif %}
				
				{% if smp_extras['facebook_widget']['enabled'] is not empty %}
					<script type="text/javascript">
						$().ready(function(){
							$('body').prepend('<div id="fb-root"></div>');
						
							(function(d, s, id) {
								var js, fjs = d.getElementsByTagName(s)[0];
								if (d.getElementById(id)) return;
								js = d.createElement(s); js.id = id;
								js.src = "//connect.facebook.net/{{smp_config_language}}_{{smp_config_language|upper}}/sdk.js#xfbml=1&version=v2.4";
								fjs.parentNode.insertBefore(js, fjs);
							}(document, 'script', 'facebook-jssdk'));
						});
					</script>
					<script type="text/javascript">
						$().ready(function(){				
							var html = 
								'<div ' +
									'id="smp-fb-widget" ' +																																																																																										
									'style="border: 1px solid #{{ smp_extras['facebook_widget']['colorscheme'] == 'dark' ? '000' : 'ccc' }}; background: #{{ smp_extras['facebook_widget']['colorscheme'] == 'dark' ? '000' : 'fff' }}; z-index: 999; position: fixed; display: block; top:{{smp_extras['facebook_widget']['margin_top']}}px; {{ smp_extras['facebook_widget']['position'] == 'left' ? 'left' : 'right' }}:-{{smp_extras['facebook_widget']['width']+2}}px;"' +
								'>' +
									'<img ' +
										'style="position: absolute; cursor: pointer;" ' +
										'src="{% if smp_extras['facebook_widget']['image'] is not empty %}image/{{smp_extras['facebook_widget']['image']}}{% else %}catalog/view/theme/default/smp/img/fb-{{smp_extras['facebook_widget']['position']}}.png{% endif %}" ' +
									'/>' +		
									'<div ' +
										'class="fb-page" ' +				
										'data-href="{{smp_extras['facebook_widget']['url']}}" ' +
										'data-small-header="{{ smp_extras['facebook_widget']['small_header'] is not empty ? 'true' : 'false' }}" ' +
										'data-adapt-container-width="false" ' +
										'data-hide-cover="false" ' +   
										'data-show-facepile="{{ smp_extras['facebook_widget']['show_faces'] is empty ? 'false' : 'true' }}" ' +
										'data-width="{{smp_extras['facebook_widget']['width']}}" ' +
										'data-height="{{smp_extras['facebook_widget']['height']}}" ' + 
										'data-show-posts="{{ smp_extras['facebook_widget']['show_posts'] is empty ? 'false' : 'true' }}">' +
											'<div class="fb-xfbml-parse-ignore">' +
											'<blockquote cite="{{smp_extras['facebook_widget']['url']}}">' +
												'<a href="{{smp_extras['facebook_widget']['url']}}">Facebook</a>' +
											'</blockquote>' +
										'</div>' +
									'</div>';
							
							$('body').prepend( html );
						});
					</script>
					
					<script type="text/javascript">
						$().ready(function(){
							$('#smp-fb-widget').each(function(){
								var self	= $(this),
									img		= self.find('> img:first'),
									box		= self.find('.fb-like-box:first'),
									pos		= '{{smp_extras['facebook_widget']['position']}}',
									width	= {{smp_extras['facebook_widget']['width']+2|number_format}},
									loader	= setInterval(function(){
										if( ! img.width() || ! img.height() ) 
											return;
											
										clearInterval( loader );
											
										img.css('margin-left', pos == 'left' ? width-1 : - img.width());
										img.click(function(){
											var opt = {};
											opt[pos] = 0;
												
											self.animate(opt, 500).unbind('mouseleave').bind('mouseleave', function(){
												var opt = {};
												opt[pos] = - width;
												self.animate(opt,500);
											});
										});
									},100);									
							});
						});
					</script>
				{% endif %}
				
				{% if smp_extras is not empty and smp_extras['g_plus_widget']['enabled'] is not empty %}
					<script type="text/javascript">
						$().ready(function(){
							window.___gcfg = {lang: '{{smp_config_language}}'};

							(function() {
								var po = document.createElement('script'); po.type = 'text/javascript'; po.async = true;
								po.src = 'https://apis.google.com/js/platform.js';
								var s = document.getElementsByTagName('script')[0]; s.parentNode.insertBefore(po, s);
							})();
						});
					</script>
					<script type="text/javascript">
						$().ready(function(){
							var html = 
								'<div ' +
									'id="smp-gplus-widget" ' +																																												
									'style="background: #{{ smp_extras['g_plus_widget']['colorscheme'] == 'dark' ? '000' : 'fff' }}; z-index: 999; position: fixed; display: block; top:{{smp_extras['g_plus_widget']['margin_top']}}px; {{ smp_extras['g_plus_widget']['position'] == 'left' ? 'left' : 'right' }}: -{{smp_extras['g_plus_widget']['width']}}px;"' +
								'>' +
									'<img ' +
										'style="position: absolute; cursor: pointer;" ' +
										'src="{% if smp_extras['g_plus_widget']['image'] is not empty %}image/{{smp_extras['g_plus_widget']['image']}}{% else %}catalog/view/theme/default/smp/img/g_plus-{{smp_extras['g_plus_widget']['position']}}.png{% endif %}" ' +
									'/>' +    
									'<div ' +		
										'class="g-{{ smp_extras['g_plus_widget']['type_account'] is empty ? 'person' : smp_extras['g_plus_widget']['type_account'] }}" ' +
										'data-width="{{smp_extras['g_plus_widget']['width']}}" ' +
										'data-height="{{smp_extras['g_plus_widget']['height']}}" ' +
										'data-href="{{smp_extras['g_plus_widget']['url']}}" ' +
										'data-theme="{{smp_extras['g_plus_widget']['colorscheme']}}" ' +
										( '{{smp_extras['g_plus_widget']['layout']}}' == 'portrait' ? '' : 'data-layout="{{smp_extras['g_plus_widget']['layout']}}" ' ) +
										'data-rel="author">' +
									'</div>' +
								'</div>';
								
							$('body').prepend( html );
						});
					</script>
					
					<script type="text/javascript">
						$().ready(function(){
							$('#smp-gplus-widget').each(function(){
								var self	= $(this),
									img		= self.find('> img:first'),  
									box		= self.find('.g-{{ smp_extras['g_plus_widget']['type_account'] is empty ? 'person' : smp_extras['g_plus_widget']['type_account'] }}:first'),
									pos		= '{{smp_extras['g_plus_widget']['position']}}',
									width	= {{smp_extras['g_plus_widget']['width']|number_format}},
									loader	= setInterval(function(){
										if( ! img.width() || ! img.height() ) 
											return;
											
										clearInterval( loader );
											
										img.css('margin-left', pos == 'left' ? width : - img.width());
										img.click(function(){
											var opt = {};
											opt[pos] = 0;
												
											self.animate(opt, 500).unbind('mouseleave').bind('mouseleave', function(){
												var opt = {};
												opt[pos] = - width;
												self.animate(opt,500);
											});
										});
									},100);									
							});
						});
					</script>
				{% endif %}
				
				{{__SMP_HREFLANG}}
				
				</head>
			]]>
			</add>
		</operation>
	</file>

</modification>