<modification>
	<name>SEO Mega KIT - Template - .tpl support</name>
	<version>2.0.0.0</version>
	<author>info@ocdemo.eu</author>
	<link>mailto:info@ocdemo.eu</link>
	<code>SEO Mega KIT</code>
	
	<file path="system/engine/loader.php">
		<operation>
			<search><![CDATA[public function view($route, $data = array()) {]]></search>
			<add position="after"><![CDATA[
				$ext = isset( $ext ) ? $ext : null;

				if( false !== ( $dot_pos = strrpos( $route, '.' ) ) ) {
					$ext = substr( $route, $dot_pos + 1 );
					$route = preg_replace( '/\.tpl$/', '', $route );
				}
			]]></add>
		</operation>
		<operation>
			<search><![CDATA[$template = new Template($this->registry->get('config')->get('template_engine'));]]></search>
			<add position="replace"><![CDATA[
				if( $ext == 'tpl' ) {
					$template = new Template('template');
				} else {
					$template = new Template($this->registry->get('config')->get('template_engine'));
				}
			]]></add>
		</operation>
		<operation>
			<search><![CDATA[$this->registry->get('config')->get('template_directory')]]></search>
			<add position="replace"><![CDATA[(!defined('HTTP_CATALOG')&&!$this->registry->get('config')->get('template_directory')&&$ext=='tpl'?'default/template/':$this->registry->get('config')->get('template_directory'))]]></add>
		</operation>
	</file>
	

</modification>